<?xml version="1.0"?>
<Charts xmlns:xsi="http://www.w3.org/2001/XMLSchema-instance" xmlns:xsd="http://www.w3.org/2001/XMLSchema" xmlns="http://tempuri.org/Network.xsd">
	<Chart xmlns="" Name="SineWave_0" Name_X="X" Sample_X_Val="-10" Name_Y="Y" Sample_Y_Val="0">
		<Chart_Colors Alpha="255" Red="157" Green="59" Blue="45"/>
		<Chart_Visuals DashStyle="0" PenWidth="2" Tension="0" Precision_Y="3"/>
		<Chart_Data DataPnts_Nmb="101" MinX="-10" MaxX="10" MinY="-1" MaxY="1">
			<Pnt Idx="0" X="-10" Y="0"/>
			<Pnt Idx="1" X="-9.8" Y="-6.27905195293131E-02"/>
			<Pnt Idx="2" X="-9.6" Y="-0.125333233564305"/>
			<Pnt Idx="3" X="-9.4" Y="-0.187381314585725"/>
			<Pnt Idx="4" X="-9.2" Y="-0.248689887164855"/>
			<Pnt Idx="5" X="-9" Y="-0.309016994374948"/>
			<Pnt Idx="6" X="-8.8" Y="-0.368124552684678"/>
			<Pnt Idx="7" X="-8.6" Y="-0.425779291565073"/>
			<Pnt Idx="8" X="-8.4" Y="-0.481753674101715"/>
			<Pnt Idx="9" X="-8.2" Y="-0.535826794978997"/>
			<Pnt Idx="10" X="-8" Y="-0.587785252292473"/>
			<Pnt Idx="11" X="-7.8" Y="-0.63742398974869"/>
			<Pnt Idx="12" X="-7.6" Y="-0.684547105928689"/>
			<Pnt Idx="13" X="-7.4" Y="-0.728968627421411"/>
			<Pnt Idx="14" X="-7.2" Y="-0.770513242775789"/>
			<Pnt Idx="15" X="-7" Y="-0.809016994374947"/>
			<Pnt Idx="16" X="-6.8" Y="-0.844327925502015"/>
			<Pnt Idx="17" X="-6.6" Y="-0.876306680043864"/>
			<Pnt Idx="18" X="-6.4" Y="-0.904827052466019"/>
			<Pnt Idx="19" X="-6.2" Y="-0.929776485888251"/>
			<Pnt Idx="20" X="-6" Y="-0.951056516295154"/>
			<Pnt Idx="21" X="-5.8" Y="-0.968583161128631"/>
			<Pnt Idx="22" X="-5.6" Y="-0.982287250728689"/>
			<Pnt Idx="23" X="-5.4" Y="-0.992114701314478"/>
			<Pnt Idx="24" X="-5.2" Y="-0.998026728428272"/>
			<Pnt Idx="25" X="-5" Y="-1"/>
			<Pnt Idx="26" X="-4.8" Y="-0.998026728428272"/>
			<Pnt Idx="27" X="-4.6" Y="-0.992114701314478"/>
			<Pnt Idx="28" X="-4.4" Y="-0.982287250728689"/>
			<Pnt Idx="29" X="-4.2" Y="-0.968583161128631"/>
			<Pnt Idx="30" X="-4" Y="-0.951056516295154"/>
			<Pnt Idx="31" X="-3.8" Y="-0.929776485888251"/>
			<Pnt Idx="32" X="-3.6" Y="-0.904827052466019"/>
			<Pnt Idx="33" X="-3.4" Y="-0.876306680043863"/>
			<Pnt Idx="34" X="-3.2" Y="-0.844327925502015"/>
			<Pnt Idx="35" X="-3" Y="-0.809016994374947"/>
			<Pnt Idx="36" X="-2.8" Y="-0.770513242775789"/>
			<Pnt Idx="37" X="-2.6" Y="-0.728968627421411"/>
			<Pnt Idx="38" X="-2.4" Y="-0.684547105928689"/>
			<Pnt Idx="39" X="-2.2" Y="-0.63742398974869"/>
			<Pnt Idx="40" X="-2" Y="-0.587785252292473"/>
			<Pnt Idx="41" X="-1.8" Y="-0.535826794978996"/>
			<Pnt Idx="42" X="-1.6" Y="-0.481753674101715"/>
			<Pnt Idx="43" X="-1.4" Y="-0.425779291565073"/>
			<Pnt Idx="44" X="-1.2" Y="-0.368124552684678"/>
			<Pnt Idx="45" X="-1" Y="-0.309016994374947"/>
			<Pnt Idx="46" X="-0.799999999999999" Y="-0.248689887164854"/>
			<Pnt Idx="47" X="-0.6" Y="-0.187381314585724"/>
			<Pnt Idx="48" X="-0.399999999999999" Y="-0.125333233564304"/>
			<Pnt Idx="49" X="-0.199999999999999" Y="-6.27905195293132E-02"/>
			<Pnt Idx="50" X="0" Y="0"/>
			<Pnt Idx="51" X="0.200000000000001" Y="6.27905195293137E-02"/>
			<Pnt Idx="52" X="0.4" Y="0.125333233564304"/>
			<Pnt Idx="53" X="0.600000000000001" Y="0.187381314585725"/>
			<Pnt Idx="54" X="0.800000000000001" Y="0.248689887164855"/>
			<Pnt Idx="55" X="1" Y="0.309016994374947"/>
			<Pnt Idx="56" X="1.2" Y="0.368124552684678"/>
			<Pnt Idx="57" X="1.4" Y="0.425779291565073"/>
			<Pnt Idx="58" X="1.6" Y="0.481753674101716"/>
			<Pnt Idx="59" X="1.8" Y="0.535826794978997"/>
			<Pnt Idx="60" X="2" Y="0.587785252292473"/>
			<Pnt Idx="61" X="2.2" Y="0.63742398974869"/>
			<Pnt Idx="62" X="2.4" Y="0.684547105928689"/>
			<Pnt Idx="63" X="2.6" Y="0.728968627421412"/>
			<Pnt Idx="64" X="2.8" Y="0.770513242775789"/>
			<Pnt Idx="65" X="3" Y="0.809016994374947"/>
			<Pnt Idx="66" X="3.2" Y="0.844327925502015"/>
			<Pnt Idx="67" X="3.4" Y="0.876306680043864"/>
			<Pnt Idx="68" X="3.6" Y="0.90482705246602"/>
			<Pnt Idx="69" X="3.8" Y="0.929776485888251"/>
			<Pnt Idx="70" X="4" Y="0.951056516295154"/>
			<Pnt Idx="71" X="4.2" Y="0.968583161128631"/>
			<Pnt Idx="72" X="4.4" Y="0.982287250728689"/>
			<Pnt Idx="73" X="4.6" Y="0.992114701314478"/>
			<Pnt Idx="74" X="4.8" Y="0.998026728428272"/>
			<Pnt Idx="75" X="5" Y="1"/>
			<Pnt Idx="76" X="5.2" Y="0.998026728428272"/>
			<Pnt Idx="77" X="5.4" Y="0.992114701314478"/>
			<Pnt Idx="78" X="5.6" Y="0.982287250728689"/>
			<Pnt Idx="79" X="5.8" Y="0.968583161128631"/>
			<Pnt Idx="80" X="6" Y="0.951056516295154"/>
			<Pnt Idx="81" X="6.2" Y="0.929776485888251"/>
			<Pnt Idx="82" X="6.4" Y="0.904827052466019"/>
			<Pnt Idx="83" X="6.6" Y="0.876306680043863"/>
			<Pnt Idx="84" X="6.8" Y="0.844327925502015"/>
			<Pnt Idx="85" X="7" Y="0.809016994374947"/>
			<Pnt Idx="86" X="7.2" Y="0.770513242775789"/>
			<Pnt Idx="87" X="7.4" Y="0.728968627421411"/>
			<Pnt Idx="88" X="7.6" Y="0.684547105928689"/>
			<Pnt Idx="89" X="7.8" Y="0.63742398974869"/>
			<Pnt Idx="90" X="8" Y="0.587785252292473"/>
			<Pnt Idx="91" X="8.2" Y="0.535826794978997"/>
			<Pnt Idx="92" X="8.4" Y="0.481753674101715"/>
			<Pnt Idx="93" X="8.6" Y="0.425779291565072"/>
			<Pnt Idx="94" X="8.8" Y="0.368124552684678"/>
			<Pnt Idx="95" X="9" Y="0.309016994374948"/>
			<Pnt Idx="96" X="9.2" Y="0.248689887164854"/>
			<Pnt Idx="97" X="9.4" Y="0.187381314585724"/>
			<Pnt Idx="98" X="9.6" Y="0.125333233564304"/>
			<Pnt Idx="99" X="9.8" Y="6.27905195293131E-02"/>
			<Pnt Idx="100" X="10" Y="0"/>
		</Chart_Data>
	</Chart>
	<Chart xmlns="" Name="SincWave_1" Name_X="X" Sample_X_Val="-10" Name_Y="Y" Sample_Y_Val="0">
		<Chart_Colors Alpha="255" Red="255" Green="0" Blue="0"/>
		<Chart_Visuals DashStyle="0" PenWidth="2" Tension="0" Precision_Y="3"/>
		<Chart_Data DataPnts_Nmb="101" MinX="-10" MaxX="10" MinY="-0.217133154846693" MaxY="1">
			<Pnt Idx="0" X="-10" Y="0"/>
			<Pnt Idx="1" X="-9.8" Y="-2.03544935259694E-02"/>
			<Pnt Idx="2" X="-9.6" Y="-4.12294008742213E-02"/>
			<Pnt Idx="3" X="-9.4" Y="-6.23285555672972E-02"/>
			<Pnt Idx="4" X="-9.2" Y="-8.33407375934458E-02"/>
			<Pnt Idx="5" X="-9" Y="-0.103943253754293"/>
			<Pnt Idx="6" X="-8.8" Y="-0.123805745099775"/>
			<Pnt Idx="7" X="-8.6" Y="-0.142594175936666"/>
			<Pnt Idx="8" X="-8.4" Y="-0.159974955874013"/>
			<Pnt Idx="9" X="-8.2" Y="-0.175619143955167"/>
			<Pnt Idx="10" X="-8" Y="-0.189206682160164"/>
			<Pnt Idx="11" X="-7.8" Y="-0.20043060447387"/>
			<Pnt Idx="12" X="-7.6" Y="-0.209001167325253"/>
			<Pnt Idx="13" X="-7.4" Y="-0.214649847523232"/>
			<Pnt Idx="14" X="-7.2" Y="-0.217133154846693"/>
			<Pnt Idx="15" X="-7" Y="-0.216236208183045"/>
			<Pnt Idx="16" X="-6.8" Y="-0.211776026534172"/>
			<Pnt Idx="17" X="-6.6" Y="-0.203604489294199"/>
			<Pnt Idx="18" X="-6.4" Y="-0.191610923914895"/>
			<Pnt Idx="19" X="-6.2" Y="-0.175724283367423"/>
			<Pnt Idx="20" X="-6" Y="-0.15591488063144"/>
			<Pnt Idx="21" X="-5.8" Y="-0.132195652734431"/>
			<Pnt Idx="22" X="-5.6" Y="-0.104622932559392"/>
			<Pnt Idx="23" X="-5.4" Y="-7.32967126652819E-02"/>
			<Pnt Idx="24" X="-5.2" Y="-3.83603916450962E-02"/>
			<Pnt Idx="25" X="-5" Y="0"/>
			<Pnt Idx="26" X="-4.8" Y="4.15570909488544E-02"/>
			<Pnt Idx="27" X="-4.6" Y="8.60439670418531E-02"/>
			<Pnt Idx="28" X="-4.4" Y="0.133156459621044"/>
			<Pnt Idx="29" X="-4.2" Y="0.182555901395167"/>
			<Pnt Idx="30" X="-4" Y="0.23387232094716"/>
			<Pnt Idx="31" X="-3.8" Y="0.28670804128369"/>
			<Pnt Idx="32" X="-3.6" Y="0.340641642515368"/>
			<Pnt Idx="33" X="-3.4" Y="0.395232243924033"/>
			<Pnt Idx="34" X="-3.2" Y="0.450024056385115"/>
			<Pnt Idx="35" X="-3" Y="0.504551152427105"/>
			<Pnt Idx="36" X="-2.8" Y="0.55834239817721"/>
			<Pnt Idx="37" X="-2.6" Y="0.610926489104585"/>
			<Pnt Idx="38" X="-2.4" Y="0.6618370298633"/>
			<Pnt Idx="39" X="-2.2" Y="0.710617597680086"/>
			<Pnt Idx="40" X="-2" Y="0.756826728640657"/>
			<Pnt Idx="41" X="-1.8" Y="0.800042766906871"/>
			<Pnt Idx="42" X="-1.6" Y="0.83986851833857"/>
			<Pnt Idx="43" X="-1.4" Y="0.875935652182375"/>
			<Pnt Idx="44" X="-1.2" Y="0.907908797398351"/>
			<Pnt Idx="45" X="-1" Y="0.935489283788639"/>
			<Pnt Idx="46" X="-0.799999999999999" Y="0.958418482324625"/>
			<Pnt Idx="47" X="-0.6" Y="0.976480703887656"/>
			<Pnt Idx="48" X="-0.399999999999999" Y="0.989505620981308"/>
			<Pnt Idx="49" X="-0.199999999999999" Y="0.997370182772503"/>
			<Pnt Idx="50" X="0" Y="1"/>
			<Pnt Idx="51" X="0.200000000000001" Y="0.997370182772503"/>
			<Pnt Idx="52" X="0.4" Y="0.989505620981308"/>
			<Pnt Idx="53" X="0.600000000000001" Y="0.976480703887656"/>
			<Pnt Idx="54" X="0.800000000000001" Y="0.958418482324625"/>
			<Pnt Idx="55" X="1" Y="0.935489283788639"/>
			<Pnt Idx="56" X="1.2" Y="0.907908797398351"/>
			<Pnt Idx="57" X="1.4" Y="0.875935652182375"/>
			<Pnt Idx="58" X="1.6" Y="0.83986851833857"/>
			<Pnt Idx="59" X="1.8" Y="0.800042766906871"/>
			<Pnt Idx="60" X="2" Y="0.756826728640657"/>
			<Pnt Idx="61" X="2.2" Y="0.710617597680085"/>
			<Pnt Idx="62" X="2.4" Y="0.6618370298633"/>
			<Pnt Idx="63" X="2.6" Y="0.610926489104584"/>
			<Pnt Idx="64" X="2.8" Y="0.55834239817721"/>
			<Pnt Idx="65" X="3" Y="0.504551152427105"/>
			<Pnt Idx="66" X="3.2" Y="0.450024056385115"/>
			<Pnt Idx="67" X="3.4" Y="0.395232243924033"/>
			<Pnt Idx="68" X="3.6" Y="0.340641642515368"/>
			<Pnt Idx="69" X="3.8" Y="0.28670804128369"/>
			<Pnt Idx="70" X="4" Y="0.23387232094716"/>
			<Pnt Idx="71" X="4.2" Y="0.182555901395166"/>
			<Pnt Idx="72" X="4.4" Y="0.133156459621044"/>
			<Pnt Idx="73" X="4.6" Y="8.60439670418526E-02"/>
			<Pnt Idx="74" X="4.8" Y="4.15570909488543E-02"/>
			<Pnt Idx="75" X="5" Y="0"/>
			<Pnt Idx="76" X="5.2" Y="-3.83603916450964E-02"/>
			<Pnt Idx="77" X="5.4" Y="-7.32967126652822E-02"/>
			<Pnt Idx="78" X="5.6" Y="-0.104622932559392"/>
			<Pnt Idx="79" X="5.8" Y="-0.132195652734431"/>
			<Pnt Idx="80" X="6" Y="-0.15591488063144"/>
			<Pnt Idx="81" X="6.2" Y="-0.175724283367423"/>
			<Pnt Idx="82" X="6.4" Y="-0.191610923914895"/>
			<Pnt Idx="83" X="6.6" Y="-0.203604489294199"/>
			<Pnt Idx="84" X="6.8" Y="-0.211776026534172"/>
			<Pnt Idx="85" X="7" Y="-0.216236208183045"/>
			<Pnt Idx="86" X="7.2" Y="-0.217133154846693"/>
			<Pnt Idx="87" X="7.4" Y="-0.214649847523232"/>
			<Pnt Idx="88" X="7.6" Y="-0.209001167325253"/>
			<Pnt Idx="89" X="7.8" Y="-0.20043060447387"/>
			<Pnt Idx="90" X="8" Y="-0.189206682160164"/>
			<Pnt Idx="91" X="8.2" Y="-0.175619143955167"/>
			<Pnt Idx="92" X="8.4" Y="-0.159974955874013"/>
			<Pnt Idx="93" X="8.6" Y="-0.142594175936666"/>
			<Pnt Idx="94" X="8.8" Y="-0.123805745099775"/>
			<Pnt Idx="95" X="9" Y="-0.103943253754293"/>
			<Pnt Idx="96" X="9.2" Y="-8.33407375934453E-02"/>
			<Pnt Idx="97" X="9.4" Y="-0.062328555567297"/>
			<Pnt Idx="98" X="9.6" Y="-4.12294008742211E-02"/>
			<Pnt Idx="99" X="9.8" Y="-2.03544935259694E-02"/>
			<Pnt Idx="100" X="10" Y="0"/>
		</Chart_Data>
	</Chart>
	<Chart xmlns="" Name="Exp_2" Name_X="X" Sample_X_Val="-10" Name_Y="Y" Sample_Y_Val="0.135">
		<Chart_Colors Alpha="255" Red="0" Green="0" Blue="255"/>
		<Chart_Visuals DashStyle="0" PenWidth="2" Tension="0" Precision_Y="3"/>
		<Chart_Data DataPnts_Nmb="101" MinX="-10" MaxX="10" MinY="0.135335283236613" MaxY="1">
			<Pnt Idx="0" X="-10" Y="0.135335283236613"/>
			<Pnt Idx="1" X="-9.8" Y="0.140858420921045"/>
			<Pnt Idx="2" X="-9.6" Y="0.14660696213035"/>
			<Pnt Idx="3" X="-9.4" Y="0.152590105756884"/>
			<Pnt Idx="4" X="-9.2" Y="0.158817426106921"/>
			<Pnt Idx="5" X="-9" Y="0.165298888221587"/>
			<Pnt Idx="6" X="-8.8" Y="0.17204486382305"/>
			<Pnt Idx="7" X="-8.6" Y="0.179066147911493"/>
			<Pnt Idx="8" X="-8.4" Y="0.18637397603941"/>
			<Pnt Idx="9" X="-8.2" Y="0.193980042290892"/>
			<Pnt Idx="10" X="-8" Y="0.201896517994655"/>
			<Pnt Idx="11" X="-7.8" Y="0.210136071200765"/>
			<Pnt Idx="12" X="-7.6" Y="0.218711886952215"/>
			<Pnt Idx="13" X="-7.4" Y="0.227637688383813"/>
			<Pnt Idx="14" X="-7.2" Y="0.236927758682122"/>
			<Pnt Idx="15" X="-7" Y="0.246596963941606"/>
			<Pnt Idx="16" X="-6.8" Y="0.256660776953556"/>
			<Pnt Idx="17" X="-6.6" Y="0.26713530196585"/>
			<Pnt Idx="18" X="-6.4" Y="0.278037300453194"/>
			<Pnt Idx="19" X="-6.2" Y="0.289384217939051"/>
			<Pnt Idx="20" X="-6" Y="0.301194211912202"/>
			<Pnt Idx="21" X="-5.8" Y="0.313486180882605"/>
			<Pnt Idx="22" X="-5.6" Y="0.32627979462304"/>
			<Pnt Idx="23" X="-5.4" Y="0.339595525644939"/>
			<Pnt Idx="24" X="-5.2" Y="0.35345468195878"/>
			<Pnt Idx="25" X="-5" Y="0.367879441171442"/>
			<Pnt Idx="26" X="-4.8" Y="0.382892885975112"/>
			<Pnt Idx="27" X="-4.6" Y="0.398519041084514"/>
			<Pnt Idx="28" X="-4.4" Y="0.414782911681581"/>
			<Pnt Idx="29" X="-4.2" Y="0.43171052342908"/>
			<Pnt Idx="30" X="-4" Y="0.449328964117222"/>
			<Pnt Idx="31" X="-3.8" Y="0.467666427009909"/>
			<Pnt Idx="32" X="-3.6" Y="0.486752255959972"/>
			<Pnt Idx="33" X="-3.4" Y="0.50661699236559"/>
			<Pnt Idx="34" X="-3.2" Y="0.527292424043049"/>
			<Pnt Idx="35" X="-3" Y="0.548811636094026"/>
			<Pnt Idx="36" X="-2.8" Y="0.571209063848815"/>
			<Pnt Idx="37" X="-2.6" Y="0.594520547970194"/>
			<Pnt Idx="38" X="-2.4" Y="0.618783391806141"/>
			<Pnt Idx="39" X="-2.2" Y="0.644036421083141"/>
			<Pnt Idx="40" X="-2" Y="0.670320046035639"/>
			<Pnt Idx="41" X="-1.8" Y="0.697676326071031"/>
			<Pnt Idx="42" X="-1.6" Y="0.726149037073691"/>
			<Pnt Idx="43" X="-1.4" Y="0.755783741455725"/>
			<Pnt Idx="44" X="-1.2" Y="0.786627861066553"/>
			<Pnt Idx="45" X="-1" Y="0.818730753077982"/>
			<Pnt Idx="46" X="-0.799999999999999" Y="0.852143788966211"/>
			<Pnt Idx="47" X="-0.6" Y="0.886920436717158"/>
			<Pnt Idx="48" X="-0.399999999999999" Y="0.923116346386636"/>
			<Pnt Idx="49" X="-0.199999999999999" Y="0.960789439152323"/>
			<Pnt Idx="50" X="0" Y="1"/>
			<Pnt Idx="51" X="0.200000000000001" Y="0.960789439152323"/>
			<Pnt Idx="52" X="0.4" Y="0.923116346386636"/>
			<Pnt Idx="53" X="0.600000000000001" Y="0.886920436717157"/>
			<Pnt Idx="54" X="0.800000000000001" Y="0.852143788966211"/>
			<Pnt Idx="55" X="1" Y="0.818730753077982"/>
			<Pnt Idx="56" X="1.2" Y="0.786627861066553"/>
			<Pnt Idx="57" X="1.4" Y="0.755783741455725"/>
			<Pnt Idx="58" X="1.6" Y="0.726149037073691"/>
			<Pnt Idx="59" X="1.8" Y="0.697676326071031"/>
			<Pnt Idx="60" X="2" Y="0.670320046035639"/>
			<Pnt Idx="61" X="2.2" Y="0.644036421083141"/>
			<Pnt Idx="62" X="2.4" Y="0.618783391806141"/>
			<Pnt Idx="63" X="2.6" Y="0.594520547970194"/>
			<Pnt Idx="64" X="2.8" Y="0.571209063848815"/>
			<Pnt Idx="65" X="3" Y="0.548811636094026"/>
			<Pnt Idx="66" X="3.2" Y="0.527292424043048"/>
			<Pnt Idx="67" X="3.4" Y="0.50661699236559"/>
			<Pnt Idx="68" X="3.6" Y="0.486752255959972"/>
			<Pnt Idx="69" X="3.8" Y="0.467666427009909"/>
			<Pnt Idx="70" X="4" Y="0.449328964117222"/>
			<Pnt Idx="71" X="4.2" Y="0.43171052342908"/>
			<Pnt Idx="72" X="4.4" Y="0.414782911681581"/>
			<Pnt Idx="73" X="4.6" Y="0.398519041084514"/>
			<Pnt Idx="74" X="4.8" Y="0.382892885975112"/>
			<Pnt Idx="75" X="5" Y="0.367879441171442"/>
			<Pnt Idx="76" X="5.2" Y="0.35345468195878"/>
			<Pnt Idx="77" X="5.4" Y="0.339595525644939"/>
			<Pnt Idx="78" X="5.6" Y="0.326279794623039"/>
			<Pnt Idx="79" X="5.8" Y="0.313486180882605"/>
			<Pnt Idx="80" X="6" Y="0.301194211912202"/>
			<Pnt Idx="81" X="6.2" Y="0.289384217939051"/>
			<Pnt Idx="82" X="6.4" Y="0.278037300453194"/>
			<Pnt Idx="83" X="6.6" Y="0.26713530196585"/>
			<Pnt Idx="84" X="6.8" Y="0.256660776953556"/>
			<Pnt Idx="85" X="7" Y="0.246596963941606"/>
			<Pnt Idx="86" X="7.2" Y="0.236927758682122"/>
			<Pnt Idx="87" X="7.4" Y="0.227637688383813"/>
			<Pnt Idx="88" X="7.6" Y="0.218711886952215"/>
			<Pnt Idx="89" X="7.8" Y="0.210136071200765"/>
			<Pnt Idx="90" X="8" Y="0.201896517994655"/>
			<Pnt Idx="91" X="8.2" Y="0.193980042290892"/>
			<Pnt Idx="92" X="8.4" Y="0.18637397603941"/>
			<Pnt Idx="93" X="8.6" Y="0.179066147911493"/>
			<Pnt Idx="94" X="8.8" Y="0.17204486382305"/>
			<Pnt Idx="95" X="9" Y="0.165298888221587"/>
			<Pnt Idx="96" X="9.2" Y="0.158817426106921"/>
			<Pnt Idx="97" X="9.4" Y="0.152590105756884"/>
			<Pnt Idx="98" X="9.6" Y="0.14660696213035"/>
			<Pnt Idx="99" X="9.8" Y="0.140858420921045"/>
			<Pnt Idx="100" X="10" Y="0.135335283236613"/>
		</Chart_Data>
	</Chart>
	<Chart xmlns="" Name="RectWave_3" Name_X="X" Sample_X_Val="-10" Name_Y="Y" Sample_Y_Val="-0.5">
		<Chart_Colors Alpha="255" Red="0" Green="0" Blue="128"/>
		<Chart_Visuals DashStyle="0" PenWidth="2" Tension="0" Precision_Y="3"/>
		<Chart_Data DataPnts_Nmb="105" MinX="-10" MaxX="9.99999999999999" MinY="-0.5" MaxY="0.5">
			<Pnt Idx="0" X="-10" Y="-0.5"/>
			<Pnt Idx="1" X="-10" Y="0.5"/>
			<Pnt Idx="2" X="-9.8" Y="0.5"/>
			<Pnt Idx="3" X="-9.6" Y="0.5"/>
			<Pnt Idx="4" X="-9.4" Y="0.5"/>
			<Pnt Idx="5" X="-9.2" Y="0.5"/>
			<Pnt Idx="6" X="-9" Y="0.5"/>
			<Pnt Idx="7" X="-8.8" Y="0.5"/>
			<Pnt Idx="8" X="-8.60000000000001" Y="0.5"/>
			<Pnt Idx="9" X="-8.40000000000001" Y="0.5"/>
			<Pnt Idx="10" X="-8.20000000000001" Y="0.5"/>
			<Pnt Idx="11" X="-8.00000000000001" Y="0.5"/>
			<Pnt Idx="12" X="-7.80000000000001" Y="0.5"/>
			<Pnt Idx="13" X="-7.60000000000001" Y="0.5"/>
			<Pnt Idx="14" X="-7.40000000000001" Y="0.5"/>
			<Pnt Idx="15" X="-7.20000000000001" Y="0.5"/>
			<Pnt Idx="16" X="-7.00000000000001" Y="0.5"/>
			<Pnt Idx="17" X="-6.80000000000001" Y="0.5"/>
			<Pnt Idx="18" X="-6.60000000000001" Y="0.5"/>
			<Pnt Idx="19" X="-6.40000000000001" Y="0.5"/>
			<Pnt Idx="20" X="-6.20000000000001" Y="0.5"/>
			<Pnt Idx="21" X="-6.00000000000001" Y="0.5"/>
			<Pnt Idx="22" X="-5.80000000000001" Y="0.5"/>
			<Pnt Idx="23" X="-5.60000000000001" Y="0.5"/>
			<Pnt Idx="24" X="-5.4" Y="0.5"/>
			<Pnt Idx="25" X="-5.2" Y="0.5"/>
			<Pnt Idx="26" X="-5" Y="0.5"/>
			<Pnt Idx="27" X="-5" Y="-0.5"/>
			<Pnt Idx="28" X="-4.8" Y="-0.5"/>
			<Pnt Idx="29" X="-4.6" Y="-0.5"/>
			<Pnt Idx="30" X="-4.4" Y="-0.5"/>
			<Pnt Idx="31" X="-4.2" Y="-0.5"/>
			<Pnt Idx="32" X="-4" Y="-0.5"/>
			<Pnt Idx="33" X="-3.8" Y="-0.5"/>
			<Pnt Idx="34" X="-3.6" Y="-0.5"/>
			<Pnt Idx="35" X="-3.4" Y="-0.5"/>
			<Pnt Idx="36" X="-3.2" Y="-0.5"/>
			<Pnt Idx="37" X="-3" Y="-0.5"/>
			<Pnt Idx="38" X="-2.8" Y="-0.5"/>
			<Pnt Idx="39" X="-2.6" Y="-0.5"/>
			<Pnt Idx="40" X="-2.4" Y="-0.5"/>
			<Pnt Idx="41" X="-2.2" Y="-0.5"/>
			<Pnt Idx="42" X="-2" Y="-0.5"/>
			<Pnt Idx="43" X="-1.8" Y="-0.5"/>
			<Pnt Idx="44" X="-1.6" Y="-0.5"/>
			<Pnt Idx="45" X="-1.4" Y="-0.5"/>
			<Pnt Idx="46" X="-1.2" Y="-0.5"/>
			<Pnt Idx="47" X="-1" Y="-0.5"/>
			<Pnt Idx="48" X="-0.800000000000002" Y="-0.5"/>
			<Pnt Idx="49" X="-0.600000000000002" Y="-0.5"/>
			<Pnt Idx="50" X="-0.400000000000002" Y="-0.5"/>
			<Pnt Idx="51" X="-0.200000000000002" Y="-0.5"/>
			<Pnt Idx="52" X="-2.05391259555654E-15" Y="-0.5"/>
			<Pnt Idx="53" X="-2.05391259555654E-15" Y="0.5"/>
			<Pnt Idx="54" X="0.199999999999998" Y="0.5"/>
			<Pnt Idx="55" X="0.399999999999998" Y="0.5"/>
			<Pnt Idx="56" X="0.599999999999998" Y="0.5"/>
			<Pnt Idx="57" X="0.799999999999998" Y="0.5"/>
			<Pnt Idx="58" X="0.999999999999998" Y="0.5"/>
			<Pnt Idx="59" X="1.2" Y="0.5"/>
			<Pnt Idx="60" X="1.4" Y="0.5"/>
			<Pnt Idx="61" X="1.6" Y="0.5"/>
			<Pnt Idx="62" X="1.8" Y="0.5"/>
			<Pnt Idx="63" X="2" Y="0.5"/>
			<Pnt Idx="64" X="2.2" Y="0.5"/>
			<Pnt Idx="65" X="2.4" Y="0.5"/>
			<Pnt Idx="66" X="2.6" Y="0.5"/>
			<Pnt Idx="67" X="2.8" Y="0.5"/>
			<Pnt Idx="68" X="3" Y="0.5"/>
			<Pnt Idx="69" X="3.2" Y="0.5"/>
			<Pnt Idx="70" X="3.4" Y="0.5"/>
			<Pnt Idx="71" X="3.6" Y="0.5"/>
			<Pnt Idx="72" X="3.8" Y="0.5"/>
			<Pnt Idx="73" X="4" Y="0.5"/>
			<Pnt Idx="74" X="4.2" Y="0.5"/>
			<Pnt Idx="75" X="4.4" Y="0.5"/>
			<Pnt Idx="76" X="4.6" Y="0.5"/>
			<Pnt Idx="77" X="4.8" Y="0.5"/>
			<Pnt Idx="78" X="5" Y="0.5"/>
			<Pnt Idx="79" X="5" Y="-0.5"/>
			<Pnt Idx="80" X="5.2" Y="-0.5"/>
			<Pnt Idx="81" X="5.4" Y="-0.5"/>
			<Pnt Idx="82" X="5.6" Y="-0.5"/>
			<Pnt Idx="83" X="5.8" Y="-0.5"/>
			<Pnt Idx="84" X="6" Y="-0.5"/>
			<Pnt Idx="85" X="6.2" Y="-0.5"/>
			<Pnt Idx="86" X="6.4" Y="-0.5"/>
			<Pnt Idx="87" X="6.6" Y="-0.5"/>
			<Pnt Idx="88" X="6.8" Y="-0.5"/>
			<Pnt Idx="89" X="7" Y="-0.5"/>
			<Pnt Idx="90" X="7.2" Y="-0.5"/>
			<Pnt Idx="91" X="7.4" Y="-0.5"/>
			<Pnt Idx="92" X="7.6" Y="-0.5"/>
			<Pnt Idx="93" X="7.8" Y="-0.5"/>
			<Pnt Idx="94" X="8" Y="-0.5"/>
			<Pnt Idx="95" X="8.2" Y="-0.5"/>
			<Pnt Idx="96" X="8.4" Y="-0.5"/>
			<Pnt Idx="97" X="8.6" Y="-0.5"/>
			<Pnt Idx="98" X="8.8" Y="-0.5"/>
			<Pnt Idx="99" X="9" Y="-0.5"/>
			<Pnt Idx="100" X="9.2" Y="-0.5"/>
			<Pnt Idx="101" X="9.4" Y="-0.5"/>
			<Pnt Idx="102" X="9.6" Y="-0.5"/>
			<Pnt Idx="103" X="9.8" Y="-0.5"/>
			<Pnt Idx="104" X="9.99999999999999" Y="-0.5"/>
		</Chart_Data>
	</Chart>
	<Chart xmlns="" Name="RandomNmb_4" Name_X="X" Sample_X_Val="-10" Name_Y="Y" Sample_Y_Val="0.376">
		<Chart_Colors Alpha="255" Red="0" Green="128" Blue="0"/>
		<Chart_Visuals DashStyle="0" PenWidth="2" Tension="0" Precision_Y="3"/>
		<Chart_Data DataPnts_Nmb="101" MinX="-10" MaxX="10" MinY="-0.95889664394781" MaxY="0.985203750431538">
			<Pnt Idx="0" X="-10" Y="0.375606029294431"/>
			<Pnt Idx="1" X="-9.8" Y="0.313593165483326"/>
			<Pnt Idx="2" X="-9.6" Y="-0.591624157037586"/>
			<Pnt Idx="3" X="-9.4" Y="0.32247121585533"/>
			<Pnt Idx="4" X="-9.2" Y="0.129621839616448"/>
			<Pnt Idx="5" X="-9" Y="0.829466547351331"/>
			<Pnt Idx="6" X="-8.8" Y="0.280431807972491"/>
			<Pnt Idx="7" X="-8.6" Y="-0.668096509296447"/>
			<Pnt Idx="8" X="-8.4" Y="-0.954293493647128"/>
			<Pnt Idx="9" X="-8.2" Y="-0.539352735038847"/>
			<Pnt Idx="10" X="-8" Y="-0.5834203613922"/>
			<Pnt Idx="11" X="-7.8" Y="-0.848000649828464"/>
			<Pnt Idx="12" X="-7.6" Y="-0.725948378909379"/>
			<Pnt Idx="13" X="-7.4" Y="0.622860752977431"/>
			<Pnt Idx="14" X="-7.2" Y="0.369075366761535"/>
			<Pnt Idx="15" X="-7" Y="-0.425477495416999"/>
			<Pnt Idx="16" X="-6.8" Y="-0.207278981804848"/>
			<Pnt Idx="17" X="-6.6" Y="0.882205815985799"/>
			<Pnt Idx="18" X="-6.4" Y="0.563373857643455"/>
			<Pnt Idx="19" X="-6.2" Y="0.941480023786426"/>
			<Pnt Idx="20" X="-6" Y="0.985203750431538"/>
			<Pnt Idx="21" X="-5.8" Y="-0.220183743629605"/>
			<Pnt Idx="22" X="-5.6" Y="-0.651203647255898"/>
			<Pnt Idx="23" X="-5.4" Y="-0.383771686814725"/>
			<Pnt Idx="24" X="-5.2" Y="-0.373950596433133"/>
			<Pnt Idx="25" X="-5" Y="-0.245316442102194"/>
			<Pnt Idx="26" X="-4.8" Y="0.857003419660032"/>
			<Pnt Idx="27" X="-4.6" Y="0.339268937241286"/>
			<Pnt Idx="28" X="-4.4" Y="-0.292043491266668"/>
			<Pnt Idx="29" X="-4.2" Y="-0.727488131728023"/>
			<Pnt Idx="30" X="-4" Y="-0.195362492464483"/>
			<Pnt Idx="31" X="-3.8" Y="0.914884257130325"/>
			<Pnt Idx="32" X="-3.6" Y="0.650538309942931"/>
			<Pnt Idx="33" X="-3.4" Y="0.585226607508957"/>
			<Pnt Idx="34" X="-3.2" Y="-0.243553202133626"/>
			<Pnt Idx="35" X="-3" Y="-0.239329650066793"/>
			<Pnt Idx="36" X="-2.8" Y="0.292352515272796"/>
			<Pnt Idx="37" X="-2.6" Y="0.177892305422574"/>
			<Pnt Idx="38" X="-2.4" Y="-0.55544946808368"/>
			<Pnt Idx="39" X="-2.2" Y="-0.135336943902075"/>
			<Pnt Idx="40" X="-2" Y="0.417397189419717"/>
			<Pnt Idx="41" X="-1.8" Y="-0.310294614173472"/>
			<Pnt Idx="42" X="-1.6" Y="-0.574811847414821"/>
			<Pnt Idx="43" X="-1.4" Y="0.40667838184163"/>
			<Pnt Idx="44" X="-1.2" Y="0.580509158317"/>
			<Pnt Idx="45" X="-1" Y="0.634087465703487"/>
			<Pnt Idx="46" X="-0.799999999999999" Y="0.680663173552603"/>
			<Pnt Idx="47" X="-0.6" Y="0.715845357626677"/>
			<Pnt Idx="48" X="-0.399999999999999" Y="-0.606015894096345"/>
			<Pnt Idx="49" X="-0.199999999999999" Y="-0.530260420404375"/>
			<Pnt Idx="50" X="0" Y="0.202921620104462"/>
			<Pnt Idx="51" X="0.200000000000001" Y="5.06041604094207E-02"/>
			<Pnt Idx="52" X="0.4" Y="-0.350220540072769"/>
			<Pnt Idx="53" X="0.600000000000001" Y="0.559112402610481"/>
			<Pnt Idx="54" X="0.800000000000001" Y="0.158153953030705"/>
			<Pnt Idx="55" X="1" Y="-0.568482186645269"/>
			<Pnt Idx="56" X="1.2" Y="5.13196042738855E-02"/>
			<Pnt Idx="57" X="1.4" Y="-0.323950129095465"/>
			<Pnt Idx="58" X="1.6" Y="-0.13536279136315"/>
			<Pnt Idx="59" X="1.8" Y="-0.434912513475865"/>
			<Pnt Idx="60" X="2" Y="0.464470952283591"/>
			<Pnt Idx="61" X="2.2" Y="0.918169932905585"/>
			<Pnt Idx="62" X="2.4" Y="0.495454182382673"/>
			<Pnt Idx="63" X="2.6" Y="0.520460036117584"/>
			<Pnt Idx="64" X="2.8" Y="-0.560765436850488"/>
			<Pnt Idx="65" X="3" Y="-0.79587684571743"/>
			<Pnt Idx="66" X="3.2" Y="0.723570053000003"/>
			<Pnt Idx="67" X="3.4" Y="0.153837202582508"/>
			<Pnt Idx="68" X="3.6" Y="-0.932277826126665"/>
			<Pnt Idx="69" X="3.8" Y="0.70364841260016"/>
			<Pnt Idx="70" X="4" Y="0.825276761315763"/>
			<Pnt Idx="71" X="4.2" Y="-0.212779346853495"/>
			<Pnt Idx="72" X="4.4" Y="7.33433617278934E-03"/>
			<Pnt Idx="73" X="4.6" Y="3.53824459016323E-02"/>
			<Pnt Idx="74" X="4.8" Y="-0.793143872637302"/>
			<Pnt Idx="75" X="5" Y="-0.461085268296301"/>
			<Pnt Idx="76" X="5.2" Y="0.743369672913104"/>
			<Pnt Idx="77" X="5.4" Y="-0.468153342604637"/>
			<Pnt Idx="78" X="5.6" Y="-0.467416992876679"/>
			<Pnt Idx="79" X="5.8" Y="0.757425164803863"/>
			<Pnt Idx="80" X="6" Y="0.879534865729511"/>
			<Pnt Idx="81" X="6.2" Y="0.10616088565439"/>
			<Pnt Idx="82" X="6.4" Y="-0.410493826959282"/>
			<Pnt Idx="83" X="6.6" Y="-0.512146001681685"/>
			<Pnt Idx="84" X="6.8" Y="-0.050140077713877"/>
			<Pnt Idx="85" X="7" Y="-0.785180492792279"/>
			<Pnt Idx="86" X="7.2" Y="1.83191527612507E-02"/>
			<Pnt Idx="87" X="7.4" Y="-0.421595689374954"/>
			<Pnt Idx="88" X="7.6" Y="-0.95889664394781"/>
			<Pnt Idx="89" X="7.8" Y="-0.377118652220815"/>
			<Pnt Idx="90" X="8" Y="0.228324269410223"/>
			<Pnt Idx="91" X="8.2" Y="-0.845801146700978"/>
			<Pnt Idx="92" X="8.4" Y="-0.123602613806725"/>
			<Pnt Idx="93" X="8.6" Y="-0.406048312783241"/>
			<Pnt Idx="94" X="8.8" Y="0.710199364461005"/>
			<Pnt Idx="95" X="9" Y="-0.660484806168824"/>
			<Pnt Idx="96" X="9.2" Y="-0.568970830645412"/>
			<Pnt Idx="97" X="9.4" Y="-0.762049961835146"/>
			<Pnt Idx="98" X="9.6" Y="-0.101486208848655"/>
			<Pnt Idx="99" X="9.8" Y="-0.767744637094438"/>
			<Pnt Idx="100" X="10" Y="5.18648796714842E-02"/>
		</Chart_Data>
	</Chart>
	<ChartNmb xmlns="" Total="5"/>
</Charts>
